insert into course(name,id) values('Physics',1001);
insert into course(name,id) values('Maths',1002);
insert into course(name,id) values('Bio',1003);
insert into course(name,id) values('English',1004);
insert into course(name,id) values('Hindi',1005);


insert into passport (id,passport_number)values (3001,'P12345');
insert into passport (id,passport_number)values (3002,'P12346');
insert into passport (id,passport_number)values (3003,'P12347');
insert into passport (id,passport_number)values (3004,'P12348');
insert into passport (id,passport_number)values (3005,'P12349');
insert into passport (id,passport_number)values (3006,'P12350');

insert into student(name,id,passport_id,money_in_hand) values('Jason',2001,3001,599.99);
insert into student(name,id,passport_id, money_in_hand) values('Jane',2002,3002,30487.98);
insert into student(name,id,passport_id, money_in_hand) values('Jack',2003,3003,34.56);
insert into student(name,id,passport_id, money_in_hand) values('Jill',2004,3004,23435.76);
insert into student(name,id,passport_id, money_in_hand) values('Jacquelline',2005,3005,23454.3456);
insert into student(name,id,passport_id, money_in_hand) values('Jack',2006,3006,111.34);




insert into review(id,description,rating,course_id) values(4001,'Fair','1',1001);
insert into review(id,description,rating,course_id) values(4002,'Good','2',1002);
insert into review(id,description,rating,course_id) values(4003,'Very good','3',1003);
insert into review(id,description,rating,course_id) values(4004,'Excellent','4',1004);
insert into review(id,description,rating,course_id) values(4005,'Awesome','5',1005);






